source,target,start,end,kind
7,85,4,4,accuse
87,9,6,6,accuse
66,83,8,8,accuse
45,62,10,10,accuse
75,85,12,12,accuse
36,98,110,110,accuse
source,target,start,end,kind
70,3,2,2,accuse
30,23,8,8,accuse
6,50,10,10,accuse
34,17,134,134,false-accuse
99,75,136,136,accuse
52,82,258,258,accuse
79,6,276,276,accuse
67,75,312,312,accuse
1,70,350,350,accuse
84,70,352,352,accuse
53,52,388,388,accuse
42,84,390,390,accuse
16,99,392,392,accuse
49,44,394,394,accuse
27,52,396,396,accuse
65,42,430,430,accuse
33,1,448,448,accuse
39,44,450,450,accuse
43,20,572,572,accuse
50,21,720,720,accuse
96,48,828,828,false-accuse
57,40,830,830,accuse
46,58,848,848,accuse
44,66,1122,1122,accuse
49,42,1124,1124,accuse
source,target,start,end,kind
68,99,2,2,accuse
1,60,4,4,accuse
9,17,8,8,accuse
72,45,12,12,accuse
80,45,38,38,accuse
17,4,102,102,accuse
81,2,182,182,false-accuse
6,58,206,206,accuse
44,69,452,452,false-accuse
88,45,454,454,accuse
64,46,570,570,accuse
66,80,572,572,accuse
65,45,574,574,accuse
46,32,576,576,accuse
0,78,578,578,accuse
56,15,580,580,accuse
30,22,706,706,accuse
43,37,710,710,accuse
88,22,712,712,accuse
76,52,714,714,accuse
37,19,716,716,accuse
31,3,718,718,accuse
20,15,720,720,accuse
30,23,722,722,accuse
36,23,724,724,accuse
34,1,726,726,accuse
4,25,728,728,accuse
64,41,730,730,accuse
15,78,734,734,accuse
36,23,736,736,accuse
38,71,738,738,accuse
64,78,740,740,accuse
89,69,742,742,accuse
40,25,744,744,accuse
71,51,746,746,accuse
67,51,748,748,accuse
86,9,750,750,accuse
5,51,752,752,accuse
76,51,756,756,accuse
76,25,758,758,accuse
55,74,762,762,accuse
73,32,764,764,accuse
87,17,768,768,accuse
56,18,770,770,accuse
90,19,772,772,accuse
26,18,774,774,accuse
10,18,776,776,accuse
source,target,start,end,kind
45,30,4,4,accuse
2,83,8,8,accuse
82,43,14,14,accuse
43,82,62,62,accuse
9,82,64,64,accuse
84,82,66,66,accuse
71,84,150,150,accuse
57,11,152,152,accuse
78,95,154,154,accuse
80,94,210,210,false-accuse
66,13,212,212,accuse
93,16,260,260,accuse
63,27,400,400,accuse
86,93,494,494,accuse
14,26,496,496,accuse
